﻿<?xml version="1.0" encoding="utf-8"?>
<ModMetaData>
	<name>[SD] Round Tables (Continued)</name>
	<author>sulusdacor, shadowk</author>
	<!-- <targetVersion>1.0.2059</targetVersion> -->
	<url>https://github.com/ShadowKGames/RW_SDRoundTablesContinued</url>
	<description>Update of [SD] Round Tables for Rimworld 1.1

[img]https://i.imgur.com/GYswkZ7.png[/img]
	
direct download link: https://github.com/ShadowKGames/RW_SDRoundTablesContinued
	
--- Original Description ---
	
tired of living on the edge? want things to go round? this will (most definitly not) be the solution^^
	
adds three round tables to the game in different sizes (1x1,2x2,3x3). dont need research to be build.
	
stats from the middle and big one are same as the vanilla tables (short/long). small round table has slightly reduced stats compared to the short vanilla tables.
	
original forum link for 1.0: https://ludeon.com/forums/index.php?topic=26276.0
	
additional languages:
- spanish by CANALETA
- spanish latin by CANALETA
- german by sulusdacor
	</description>
	<supportedVersions>
       <li>1.1</li> 
    </supportedVersions>
	<packageId>shadowk.sdroundtables</packageId>
</ModMetaData>