<?xml version="1.0" encoding="utf-8" ?>
<Defs>

<!--================================ Abstract bases ======================================-->

  <ThingDef Name="BuildingBase_SDRoundTable" ParentName="BuildingBase" Abstract="True">
    <category>Building</category>
    <thingClass>Building</thingClass>
    <soundImpactDefault>BulletImpact_Metal</soundImpactDefault>
    <selectable>true</selectable>
    <drawerType>MapMeshAndRealTime</drawerType>
    <terrainAffordanceNeeded>Light</terrainAffordanceNeeded>
    <repairEffect>Repair</repairEffect>
    <leaveResourcesWhenKilled>true</leaveResourcesWhenKilled>
    <filthLeaving>Filth_RubbleBuilding</filthLeaving>
		<statBases>
			<SellPriceFactor>0.70</SellPriceFactor>
		</statBases>
  </ThingDef>
  
  <!-- Table base -->
  
  <ThingDef Name="TableBase_SDRoundTable" ParentName="BuildingBase_SDRoundTable" Abstract="True">
    <thingClass>Building</thingClass>
    <altitudeLayer>Building</altitudeLayer>
    <description>People eat off tables when chairs are placed facing them.</description>
    <passability>PassThroughOnly</passability>
    <castEdgeShadows>false</castEdgeShadows>
    <pathCost>60</pathCost>
    <fillPercent>0.4</fillPercent>
    <socialPropernessMatters>true</socialPropernessMatters>
    <canOverlapZones>false</canOverlapZones>
    <stuffCategories>
      <li>Metallic</li>
      <li>Woody</li>
      <li>Stony</li>
    </stuffCategories>
    <leaveResourcesWhenKilled>true</leaveResourcesWhenKilled>
	<designationCategory>Furniture</designationCategory>
    <surfaceType>Eat</surfaceType>
    <comps>
		<li>
			<compClass>CompQuality</compClass>
		</li>
		<li>
			<compClass>CompGatherSpot</compClass>
		</li>
			<!-- <li Class="CompProperties_RoomIdentifier">
				<roomStat>Impressiveness</roomStat>
			</li> -->
    </comps>
	<rotatable>false</rotatable>
	<tradeTags>
      <li>Furniture</li>
    </tradeTags>
	<minifiedDef>MinifiedThing</minifiedDef>
    <thingCategories>
      <li>BuildingsFurniture</li>
    </thingCategories>
  </ThingDef>
</Defs>